﻿<?xml version="1.0" encoding="utf-8" ?>
<tile>
  <visual>
    <binding template="TileSmall">
      <text hint-style="subtitle"></text>
      <text hint-style="captionSubtle"></text>
      <image src =" Assets/background.jpg" placement="background" ></image>
    </binding>

    <binding template="TileMedium">
      <text hint-style="subtitle"></text>
      <text hint-style="captionSubtle"></text>
      <image src =" Assets/background.jpg" placement="background" ></image>
    </binding>

    <binding template="TileWide">
      <text hint-style="subtitle"></text>
      <text hint-style = "captionSubtle"></text>
      <image src =" Assets/background.jpg" placement="background" ></image>
    </binding>

    <binding template="TileLarge">
      <text hint-style="subtitle">Large</text>
      <text hint-style = "captionSubtle"></text>
      <image src =" Assets/background.jpg" placement="background" ></image>
    </binding>
  </visual>
</tile>
